{"excludes":[],"scripts":[{"domains":[],"includes":["http://apps.facebook.com/inthemafia/*","https://apps.facebook.com/inthemafia/*","http://*.mafiawars.zynga.com/mwfb/remote/html_server.php*","https://*.mafiawars.zynga.com/mwfb/remote/html_server.php*"],"excludes":[],"matches":["http://apps.facebook.com/inthemafia/*","https://apps.facebook.com/inthemafia/*","http://*.mafiawars.zynga.com/mwfb/remote/html_server.php*","https://*.mafiawars.zynga.com/mwfb/remote/html_server.php*"],"user_includes":[],"user_excludes":[],"screenshots":[],"requires":[],"resources":[],"noframes":false,"filename":"spockholmmafiatoolbar@httpwwwspockholmcomtoolbar.user.js","id":"SpockholmMafiaToolbar@httpwww.spockholm.comtoolbar","name":"Spockholm Mafia Toolbar","namespace":"http://www.spockholm.com/toolbar","author":null,"developers":[],"contributors":[],"blocklistState":0,"description":"Bookmarklet loader for the Spockholm Mafia Tools","version":"1.0.3","delay":null,"priority":0,"icon":null,"icon64":null,"enabled":true,"basedir":"spockholmmafiatoolbar@httpwwwspockholmcomtoolbar","modified":1425555877908,"dependhash":"da39a3ee5e6b4b0d3255bfef95601890afd80709","jsversion":null,"run-at":null,"includesDisabled":false,"homepageURL":"http://cdn.spocklet.com/spockholm_toolbar_lite.user.js","contributionURL":null,"contributionAmount":null,"downloadURL":"http://cdn.spocklet.com/spockholm_toolbar_lite.user.js","updateURL":null,"supportURL":"","applyBackgroundUpdates":0,"needsUninstall":false},{"domains":[],"includes":[],"excludes":[],"matches":["*://www.facebook.com/dialog/*","*://apps.facebook.com/*"],"user_includes":[],"user_excludes":[],"screenshots":[],"requires":[],"resources":[],"noframes":false,"filename":"clicktrapremover@clicktrapremove.user.js","id":"ClickTrapRemover@clicktrapremove","name":"Click Trap Remover And Shortlinker","namespace":"click trap remove","author":null,"developers":[],"contributors":[],"blocklistState":0,"description":"Makes Facebook dialogs right clickable and shorturlable","version":"2.0","delay":null,"priority":0,"icon":null,"icon64":null,"enabled":true,"basedir":"clicktrapremover@clicktrapremove","modified":1425555865755,"dependhash":"da39a3ee5e6b4b0d3255bfef95601890afd80709","jsversion":null,"run-at":null,"includesDisabled":false,"homepageURL":"http://thenotsoevilgenius.com/Scripts/users/clicktrapremove.user.js","contributionURL":null,"contributionAmount":null,"downloadURL":"http://thenotsoevilgenius.com/Scripts/users/clicktrapremove.user.js","updateURL":null,"supportURL":"","applyBackgroundUpdates":0,"needsUninstall":false}]}